execution_time,rows_scanned,has_join,priority
0.123,30,0,LOW
0.049,147,0,LOW
0.13,918,0,LOW
0.113,37,0,LOW
0.044,522,0,LOW
0.108,738,0,LOW
0.105,230,0,LOW
0.055,895,0,LOW
0.154,719,0,LOW
0.055,225,1,LOW
0.066,99,0,LOW
0.07,357,0,LOW
0.154,752,0,LOW
0.026,949,0,LOW
0.106,854,0,LOW
0.169,375,0,LOW
0.135,51,0,LOW
0.148,86,1,LOW
0.165,394,0,LOW
0.122,378,0,LOW
0.069,691,0,LOW
0.178,668,0,LOW
0.122,551,0,LOW
0.034,393,0,LOW
0.176,709,0,LOW
0.131,868,0,LOW
0.013,846,0,LOW
0.062,279,0,LOW
0.174,585,1,LOW
0.062,676,0,LOW
0.168,663,0,LOW
0.053,257,0,LOW
0.104,769,0,LOW
0.171,413,0,LOW
0.189,146,0,LOW
0.02,53,1,LOW
0.032,168,0,LOW
0.082,70,0,LOW
0.114,484,0,LOW
0.185,886,1,LOW
0.13,122,0,LOW
0.103,278,0,LOW
0.067,305,0,LOW
0.088,981,0,LOW
0.138,1000,0,LOW
0.036,939,0,LOW
0.12,866,0,LOW
0.117,161,0,LOW
0.033,981,0,LOW
0.102,5,0,LOW
0.094,119,1,LOW
0.167,856,1,LOW
0.048,251,1,LOW
0.18,92,0,LOW
0.156,783,0,LOW
0.027,680,0,LOW
0.106,276,0,LOW
0.116,992,0,LOW
0.104,752,0,LOW
0.136,413,1,LOW
0.125,453,1,LOW
0.087,258,0,LOW
0.066,607,0,LOW
0.113,12,0,LOW
0.121,239,0,LOW
0.009,343,0,LOW
0.048,690,0,LOW
0.104,745,1,LOW
0.11,489,0,LOW
0.091,421,0,LOW
0.021,446,0,LOW
0.08,889,0,LOW
0.129,666,0,LOW
0.078,352,1,LOW
0.023,201,0,LOW
0.087,437,0,LOW
0.09,900,1,LOW
0.086,887,1,LOW
0.021,672,1,LOW
0.159,997,0,LOW
0.144,247,0,LOW
0.094,223,1,LOW
0.172,173,0,LOW
0.187,276,1,LOW
0.15,297,0,LOW
0.182,807,0,LOW
0.137,163,0,LOW
0.044,64,0,LOW
0.104,770,0,LOW
0.012,493,0,LOW
0.162,166,0,LOW
0.098,876,0,LOW
0.114,696,1,LOW
0.079,969,1,LOW
0.049,613,0,LOW
0.018,678,0,LOW
0.101,962,0,LOW
0.128,326,0,LOW
0.077,692,0,LOW
0.089,956,0,LOW
0.018,50000,0,LOW
0.085,70000,0,LOW
0.18,85000,0,LOW
0.179,90000,0,LOW
0.258,7984,1,MEDIUM
0.305,12436,1,MEDIUM
0.895,13108,0,MEDIUM
0.546,18800,1,MEDIUM
0.683,18332,0,MEDIUM
0.846,10810,1,MEDIUM
0.282,5400,0,MEDIUM
0.903,19128,0,MEDIUM
0.423,7901,1,MEDIUM
0.361,9650,1,MEDIUM
0.398,2664,0,MEDIUM
0.535,10066,0,MEDIUM
0.464,5286,1,MEDIUM
0.407,15478,1,MEDIUM
0.538,1316,0,MEDIUM
0.947,5884,1,MEDIUM
0.859,19105,0,MEDIUM
0.301,11101,0,MEDIUM
0.937,2307,1,MEDIUM
0.366,9176,1,MEDIUM
0.479,19346,1,MEDIUM
0.521,6064,1,MEDIUM
0.387,6324,1,MEDIUM
0.841,14510,0,MEDIUM
0.782,11885,1,MEDIUM
0.525,9131,0,MEDIUM
0.822,4542,0,MEDIUM
0.231,16423,0,MEDIUM
0.845,16083,0,MEDIUM
0.848,8457,0,MEDIUM
0.721,14056,0,MEDIUM
0.883,10146,0,MEDIUM
0.602,18570,0,MEDIUM
0.222,9559,0,MEDIUM
0.96,9698,0,MEDIUM
0.671,12327,1,MEDIUM
0.448,17758,0,MEDIUM
0.911,7228,0,MEDIUM
0.76,1055,1,MEDIUM
0.837,7456,0,MEDIUM
0.255,11819,1,MEDIUM
0.724,5083,1,MEDIUM
0.437,11134,1,MEDIUM
0.458,10688,1,MEDIUM
0.352,13423,1,MEDIUM
0.913,19648,0,MEDIUM
0.633,1013,0,MEDIUM
0.366,11559,0,MEDIUM
0.549,8002,1,MEDIUM
0.827,6560,1,MEDIUM
0.424,11983,0,MEDIUM
0.952,8696,1,MEDIUM
0.377,7525,0,MEDIUM
0.237,16569,1,MEDIUM
0.807,15923,0,MEDIUM
0.698,7371,1,MEDIUM
0.503,14095,0,MEDIUM
0.718,1181,1,MEDIUM
0.88,4492,1,MEDIUM
0.373,17972,0,MEDIUM
0.64,4976,0,MEDIUM
0.833,18404,1,MEDIUM
0.67,15502,1,MEDIUM
0.768,17540,0,MEDIUM
0.916,15611,1,MEDIUM
0.787,16554,0,MEDIUM
0.794,10086,1,MEDIUM
0.612,8839,0,MEDIUM
0.261,10362,0,MEDIUM
0.465,18699,0,MEDIUM
0.319,13551,1,MEDIUM
0.758,3104,0,MEDIUM
0.461,16267,0,MEDIUM
0.363,14767,0,MEDIUM
0.808,1640,1,MEDIUM
0.805,13464,0,MEDIUM
0.945,10784,1,MEDIUM
0.874,14730,1,MEDIUM
0.78,8226,0,MEDIUM
0.416,16913,0,MEDIUM
0.466,14248,1,MEDIUM
0.864,5182,1,MEDIUM
0.622,13911,1,MEDIUM
0.724,3750,1,MEDIUM
0.307,16128,0,MEDIUM
0.406,11726,0,MEDIUM
0.458,13423,0,MEDIUM
0.951,14813,0,MEDIUM
0.265,1635,1,MEDIUM
0.241,12467,0,MEDIUM
0.254,2319,1,MEDIUM
0.95,7532,1,MEDIUM
0.691,8816,0,MEDIUM
0.729,19480,1,MEDIUM
0.567,9396,1,MEDIUM
0.333,4753,1,MEDIUM
0.329,11192,0,MEDIUM
0.22,11222,1,MEDIUM
0.917,13298,0,MEDIUM
0.765,3490,1,MEDIUM
0.541,50000,0,MEDIUM
0.335,70000,0,MEDIUM
0.494,90000,0,MEDIUM
2.508,199375,1,HIGH
1.605,168356,1,HIGH
2.736,132297,1,HIGH
1.345,189750,1,HIGH
5.248,148504,0,HIGH
5.804,186615,1,HIGH
3.299,60106,1,HIGH
4.669,190514,1,HIGH
5.041,161079,1,HIGH
3.324,175314,1,HIGH
5.259,42719,1,HIGH
3.254,141821,1,HIGH
4.341,108185,0,HIGH
5.255,67669,1,HIGH
2.774,87726,1,HIGH
5.402,92423,1,HIGH
3.583,70085,0,HIGH
4.6,148078,1,HIGH
2.202,144805,1,HIGH
3.454,24521,0,HIGH
2.108,83781,1,HIGH
3.908,144063,1,HIGH
2.719,164282,1,HIGH
4.514,91020,1,HIGH
2.153,70485,1,HIGH
4.714,68536,0,HIGH
4.693,92483,1,HIGH
5.883,157531,1,HIGH
5.903,70887,1,HIGH
2.804,99238,0,HIGH
3.671,91910,0,HIGH
1.273,96582,1,HIGH
1.631,148681,0,HIGH
1.061,94538,1,HIGH
3.202,68330,1,HIGH
2.262,145234,0,HIGH
1.327,148909,0,HIGH
4.147,34054,0,HIGH
5.056,99649,0,HIGH
2.241,166296,1,HIGH
4.032,182115,1,HIGH
3.613,138100,1,HIGH
2.487,174279,1,HIGH
2.527,182799,0,HIGH
5.801,46014,1,HIGH
2.039,75319,1,HIGH
1.406,82880,0,HIGH
1.375,20702,1,HIGH
4.447,143185,1,HIGH
2.157,94113,1,HIGH
3.27,81191,1,HIGH
4.939,183856,1,HIGH
5.02,71858,1,HIGH
3.723,189774,0,HIGH
2.328,57287,0,HIGH
1.83,100639,1,HIGH
5.121,95658,1,HIGH
3.343,99716,1,HIGH
5.713,151196,1,HIGH
3.189,176772,0,HIGH
3.16,104495,1,HIGH
1.129,80012,1,HIGH
5.18,170785,1,HIGH
1.104,196235,1,HIGH
3.881,65926,1,HIGH
4.258,92918,0,HIGH
3.927,186406,1,HIGH
5.845,143211,1,HIGH
2.667,195672,0,HIGH
1.804,127911,1,HIGH
2.441,124977,1,HIGH
3.75,139230,0,HIGH
2.262,50389,1,HIGH
3.021,154899,1,HIGH
1.006,162238,1,HIGH
1.271,155906,1,HIGH
4.782,183948,1,HIGH
1.258,90008,1,HIGH
5.638,134850,1,HIGH
3.424,27568,1,HIGH
4.044,82731,1,HIGH
2.554,23585,1,HIGH
1.466,49744,1,HIGH
1.587,60363,1,HIGH
4.583,153398,1,HIGH
3.077,146485,1,HIGH
2.219,164511,0,HIGH
1.953,177124,1,HIGH
5.397,38301,1,HIGH
4.95,128775,1,HIGH
4.939,90038,1,HIGH
2.414,98265,1,HIGH
3.9,193000,1,HIGH
1.743,161186,1,HIGH
2.662,162457,1,HIGH
5.664,69455,1,HIGH
2.194,120394,1,HIGH
4.878,31442,1,HIGH
3.365,119938,1,HIGH
4.318,190923,1,HIGH
0.773,90000,1,HIGH
0.613,120000,1,HIGH
0.776,150000,1,HIGH
